run,seed,checkpoint,instance,cost_class,H,replicate,n,median_s,mean_s,min_s,stdev_s,env_build_s,model_load_s,total_cost,inv_cost,routing_cost,total_cost_best_route,archetti_s,speedup
seed0_20261007_130952,0,mtppo_epoch325.pt,Instances_highcost_H3/abs5n10,highcost,3,5,10,0.0024793545017018914,0.002498997939983383,0.002392791910097003,8.280629457223559e-05,0.003905083052814007,0.4726366250542924,5657.44086673677,3105.4408667367697,2552.0,5769.44086673677,0.0,
seed0_20261007_130952,0,mtppo_epoch325.pt,Instances_highcost_H3/abs5n15,highcost,3,5,15,0.0034900210448540747,0.0034953187452629207,0.003398291999474168,5.6960690990962735e-05,0.0009712090250104666,0.4726366250542924,6122.481344599724,3025.481344599724,3097.0,5715.481344599724,1.8,515.7562022882478
seed0_20261007_130952,0,mtppo_epoch325.pt,Instances_highcost_H3/abs5n20,highcost,3,5,20,0.0043165835668332875,0.004320014652330428,0.0042167078936472535,6.67344236614423e-05,0.002906083012931049,0.4726366250542924,9515.949549862742,5592.949549862742,3923.0,9348.949549862742,7.6,1760.651654793626
seed0_20261007_130952,0,mtppo_epoch325.pt,Instances_highcost_H3/abs5n25,highcost,3,5,25,0.004904708475805819,0.004914266697596759,0.0048353750025853515,7.269274513781182e-05,0.0032170830527320504,0.4726366250542924,11811.52802854091,7931.528028540911,3880.0,11540.52802854091,24.4,4974.811473579212
seed0_20261007_130952,0,mtppo_epoch325.pt,Instances_highcost_H3/abs5n30,highcost,3,5,30,0.005985042080283165,0.005991168768377975,0.00578687503002584,0.00017105899778258456,0.002924417029134929,0.4726366250542924,11993.426548681258,7652.426548681259,4341.0,11615.426548681258,101.6,16975.65341014162
seed0_20261007_130952,0,mtppo_epoch325.pt,Instances_highcost_H3/abs5n35,highcost,3,5,35,0.007196229533292353,0.0071930750680621715,0.006997833959758282,0.0001392779278613584,0.0029159579426050186,0.4726366250542924,13181.116068342328,8389.116068342328,4792.0,13193.116068342328,237.0,32933.9133644296
seed0_20261007_130952,0,mtppo_epoch325.pt,Instances_highcost_H3/abs5n40,highcost,3,5,40,0.008279250003397465,0.008277764497324824,0.00808916601818055,0.00011279173679738726,0.003015667083673179,0.4726366250542924,15631.121449784638,10576.121449784638,5055.0,15281.121449784638,561.6,67832.23115252498
seed0_20261007_130952,0,mtppo_epoch325.pt,Instances_highcost_H3/abs5n45,highcost,3,5,45,0.009622812503948808,0.009632475103717297,0.009516792022623122,6.897073229489459e-05,0.0031154160387814045,0.4726366250542924,16431.468838128447,11004.468838128447,5427.0,15571.468838128447,1189.6,123622.90125800922
seed0_20261007_130952,0,mtppo_epoch325.pt,Instances_highcost_H3/abs5n5,highcost,3,5,5,0.0013758539571426809,0.0013809374475385993,0.0013574169715866446,1.6950168579691726e-05,0.003008625004440546,0.4726366250542924,2591.627770491891,1303.627770491891,1288.0,2446.627770491891,0.0,
seed0_20261007_130952,0,mtppo_epoch325.pt,Instances_highcost_H3/abs5n50,highcost,3,5,50,0.010632520541548729,0.01065230003441684,0.010477749980054796,0.00012926794475099726,0.0009553749114274979,0.4726366250542924,18415.931255829335,12751.931255829335,5664.0,18191.931255829335,2842.8,267368.3995146008
seed0_20261007_130952,0,mtppo_epoch325.pt,Instances_highcost_H6/abs5n10,highcost,6,5,10,0.005186020978726447,0.005170227197231725,0.005037124967202544,8.659790330285191e-05,0.0011738749453797936,0.4726366250542924,11719.2221063447,5431.2221063447,6288.0,11943.2221063447,6.0,1156.9563687868933
seed0_20261007_130952,0,mtppo_epoch325.pt,Instances_highcost_H6/abs5n15,highcost,6,5,15,0.007577458512969315,0.007590595848159865,0.007471916964277625,9.894474926108176e-05,0.003049458027817309,0.4726366250542924,13119.419976038933,5576.419976038933,7543.0,12177.419976038933,31.6,4170.26367691945
seed0_20261007_130952,0,mtppo_epoch325.pt,Instances_highcost_H6/abs5n20,highcost,6,5,20,0.00964125053724274,0.00963143749977462,0.009460499975830317,8.472054300977616e-05,0.003041125019080937,0.4726366250542924,19004.148809498547,9570.148809498547,9434.0,18617.148809498547,530.2,54992.86611751401
seed0_20261007_130952,0,mtppo_epoch325.pt,Instances_highcost_H6/abs5n25,highcost,6,5,25,0.010767479485366493,0.010766983358189463,0.010602249996736646,7.529753409586837e-05,0.0030733750900253654,0.4726366250542924,21948.838974468774,12823.838974468772,9125.0,21366.838974468774,1018.2,94562.52054009309
seed0_20261007_130952,0,mtppo_epoch325.pt,Instances_highcost_H6/abs5n30,highcost,6,5,30,0.013254812511149794,0.013345322891836986,0.013064333004876971,0.0002448843289865721,0.0030177909648045897,0.4726366250542924,23601.43414101243,12867.434141012429,10734.0,22535.43414101243,4099.8,309306.5251999073
seed0_20261007_130952,0,mtppo_epoch325.pt,Instances_highcost_H6/abs5n5,highcost,6,5,5,0.0026461664820089936,0.002638058236334473,0.0025704579893499613,3.509535236870552e-05,0.0031513329595327377,0.4726366250542924,5207.598849734333,2353.5988497343333,2854.0,4917.598849734333,0.0,
seed0_20261007_130952,0,mtppo_epoch325.pt,Instances_lowcost_H3/abs5n10,lowcost,3,5,10,0.002417333482299,0.0024230772047303616,0.0023690409725531936,3.5277764099826476e-05,0.002903208020143211,0.4726366250542924,2864.5238509625196,312.52385096251965,2552.0,2976.5238509625196,0.0,
seed0_20261007_130952,0,mtppo_epoch325.pt,Instances_lowcost_H3/abs5n15,lowcost,3,5,15,0.00343970803078264,0.0034269980038516223,0.0033383748959749937,5.683364457116575e-05,0.0028337499825283885,0.4726366250542924,3402.1584523266556,305.1584523266554,3097.0,2995.1584523266556,1.0,290.72234941186827
seed0_20261007_130952,0,mtppo_epoch325.pt,Instances_lowcost_H3/abs5n20,lowcost,3,5,20,0.004299937514588237,0.004283316695364192,0.0042018749518319964,4.7859637437030714e-05,0.0028356669936329126,0.4726366250542924,4482.6548616683485,559.6548616683483,3923.0,4315.6548616683485,7.4,1720.9552406039152
seed0_20261007_130952,0,mtppo_epoch325.pt,Instances_lowcost_H3/abs5n25,lowcost,3,5,25,0.004872728954069316,0.00488504579407163,0.004831708036363125,3.6844504259869214e-05,0.00292420806363225,0.4726366250542924,4672.347611718751,792.3476117187506,3880.0,4401.347611718751,27.8,5705.221912001415
seed0_20261007_130952,0,mtppo_epoch325.pt,Instances_lowcost_H3/abs5n30,lowcost,3,5,30,0.00591910450020805,0.005973418755456805,0.005783707951195538,0.0001436413174594763,0.002874708967283368,0.4726366250542924,5107.743737745881,766.7437377458812,4341.0,4729.743737745881,79.6,13447.980179637332
seed0_20261007_130952,0,mtppo_epoch325.pt,Instances_lowcost_H3/abs5n35,lowcost,3,5,35,0.007203563000075519,0.007206010544905439,0.007041958975605667,8.365245779010966e-05,0.0029325409559533,0.4726366250542924,5629.619141545296,837.6191415452957,4792.0,5641.619141545296,208.6,28957.89208726475
seed0_20261007_130952,0,mtppo_epoch325.pt,Instances_lowcost_H3/abs5n40,lowcost,3,5,40,0.008236812485847622,0.00824238549103029,0.008072207914665341,0.00010710017324216392,0.0030015839729458094,0.4726366250542924,6108.958825306297,1053.9588253062964,5055.0,5758.958825306297,686.4,83333.207011737
seed0_20261007_130952,0,mtppo_epoch325.pt,Instances_lowcost_H3/abs5n45,lowcost,3,5,45,0.009585687483195215,0.009566624986473472,0.009395041968673468,0.00010279284639781519,0.0030641660559922457,0.4726366250542924,6522.793974691033,1095.7939746910333,5427.0,5662.793974691033,1049.6,109496.58037987012
seed0_20261007_130952,0,mtppo_epoch325.pt,Instances_lowcost_H3/abs5n5,lowcost,3,5,5,0.0013732080115005374,0.001373470906401053,0.0013506669783964753,1.537336067632739e-05,0.0031014999840408564,0.4726366250542924,1419.506848634937,131.50684863493692,1288.0,1274.506848634937,0.0,
seed0_20261007_130952,0,mtppo_epoch325.pt,Instances_lowcost_H3/abs5n50,lowcost,3,5,50,0.01055293797980994,0.01058082709205337,0.010377750033512712,0.00013088639918303803,0.0009705829434096813,0.4726366250542924,6940.671324995756,1276.671324995756,5664.0,6716.671324995756,3572.4,338521.84167430684
seed0_20261007_130952,0,mtppo_epoch325.pt,Instances_lowcost_H6/abs5n10,lowcost,6,5,10,0.005121457972563803,0.005140362394740805,0.0050286659970879555,7.207779089828208e-05,0.0031776250107213855,0.4726366250542924,6833.096254512668,545.0962545126677,6288.0,7057.096254512668,5.0,976.2844929677317
seed0_20261007_130952,0,mtppo_epoch325.pt,Instances_lowcost_H6/abs5n15,lowcost,6,5,15,0.0075961045222356915,0.007594262599013746,0.007412833045236766,0.0001181590545952773,0.003165458096191287,0.4726366250542924,8104.636189146638,561.6361891466379,7543.0,7162.636189146638,29.2,3844.0755935525003
seed0_20261007_130952,0,mtppo_epoch325.pt,Instances_lowcost_H6/abs5n20,lowcost,6,5,20,0.009477916522882879,0.009510845760814846,0.009333916008472443,0.00013007012494288322,0.003054791013710201,0.4726366250542924,10391.858896872996,957.8588968729973,9434.0,10004.858896872996,558.0,58873.69852359433
seed0_20261007_130952,0,mtppo_epoch325.pt,Instances_lowcost_H6/abs5n25,lowcost,6,5,25,0.01075958349974826,0.010770724999019876,0.010654499987140298,7.0292168081964e-05,0.003132667043246329,0.4726366250542924,10404.711431373942,1279.7114313739414,9125.0,9822.711431373942,1063.0,98795.64576313487
seed0_20261007_130952,0,mtppo_epoch325.pt,Instances_lowcost_H6/abs5n30,lowcost,6,5,30,0.013250917021650821,0.013317218952579424,0.013121417025104165,0.00020308885245240026,0.003013000008650124,0.4726366250542924,12022.314020064474,1288.3140200644732,10734.0,10956.314020064474,3216.0,242700.18405106166
seed0_20261007_130952,0,mtppo_epoch325.pt,Instances_lowcost_H6/abs5n5,lowcost,6,5,5,0.0026352705317549407,0.002638524951180443,0.002573832985945046,4.173901125500224e-05,0.0047924170503392816,0.4726366250542924,3091.1776659604843,237.17766596048435,2854.0,2801.1776659604843,0.0,
seed1_20261007_130952,1,mtppo_epoch450.pt,Instances_highcost_H3/abs5n10,highcost,3,5,10,0.0023768749670125544,0.0023868334596045316,0.0023540001129731536,2.9527447859636408e-05,0.0007863750215619802,0.009832791984081268,5704.965647620112,3060.9656476201117,2644.0,5724.965647620112,0.0,
seed1_20261007_130952,1,mtppo_epoch450.pt,Instances_highcost_H3/abs5n15,highcost,3,5,15,0.003383104456588626,0.003388348058797419,0.0033607499208301306,1.904745396083034e-05,0.0008205830818042159,0.009832791984081268,5987.583490612209,2985.583490612209,3002.0,5675.583490612209,1.8,532.0556970963412
seed1_20261007_130952,1,mtppo_epoch450.pt,Instances_highcost_H3/abs5n20,highcost,3,5,20,0.00424518744694069,0.0042485019541345535,0.00419687491375953,2.778452010922267e-05,0.0007127090357244015,0.009832791984081268,9687.402905154526,5554.402905154526,4133.0,9310.402905154526,7.6,1790.2625255044902
seed1_20261007_130952,1,mtppo_epoch450.pt,Instances_highcost_H3/abs5n25,highcost,3,5,25,0.00485337502323091,0.004853406292386353,0.004788167076185346,3.6856244153099906e-05,0.0009212499717250466,0.009832791984081268,11777.433680990636,7893.433680990636,3884.0,11502.433680990636,24.4,5027.429342098691
seed1_20261007_130952,1,mtppo_epoch450.pt,Instances_highcost_H3/abs5n30,highcost,3,5,30,0.005923291435465217,0.005922697851201519,0.0058055000845342875,8.045954168004345e-05,0.0008721669437363744,0.009832791984081268,11830.890124398471,7612.890124398471,4218.0,11575.890124398471,101.6,17152.6255472892
seed1_20261007_130952,1,mtppo_epoch450.pt,Instances_highcost_H3/abs5n35,highcost,3,5,35,0.007117875502444804,0.007101943949237466,0.007028916967101395,4.667773071935051e-05,0.0009009999921545386,0.009832791984081268,13412.896705211699,8372.896705211699,5040.0,13176.896705211699,237.0,33296.45199871741
seed1_20261007_130952,1,mtppo_epoch450.pt,Instances_highcost_H3/abs5n40,highcost,3,5,40,0.008200749522075057,0.008191649994114415,0.008073208038695157,7.637527376996831e-05,0.0008325420785695314,0.009832791984081268,15754.958097896577,10549.958097896577,5205.0,15254.958097896577,561.6,68481.54531342117
seed1_20261007_130952,1,mtppo_epoch450.pt,Instances_highcost_H3/abs5n45,highcost,3,5,45,0.009554666525218636,0.00952891244669445,0.00934975000564009,8.088167780134213e-05,0.0009309579618275166,0.009832791984081268,16025.333062200694,10997.333062200694,5028.0,15564.333062200694,1189.6,124504.60692271819
seed1_20261007_130952,1,mtppo_epoch450.pt,Instances_highcost_H3/abs5n5,highcost,3,5,5,0.0013675835216417909,0.0013646916544530542,0.0013385000638663769,1.307413643754987e-05,0.0009590409463271499,0.009832791984081268,2464.752089562108,1290.7520895621078,1174.0,2433.752089562108,0.0,
seed1_20261007_130952,1,mtppo_epoch450.pt,Instances_highcost_H3/abs5n50,highcost,3,5,50,0.01051058352459222,0.010513891652226447,0.010413957992568612,5.326442868421959e-05,0.0008527500322088599,0.009832791984081268,18442.932960365564,12728.932960365564,5714.0,18168.932960365564,2842.8,270470.23539164464
seed1_20261007_130952,1,mtppo_epoch450.pt,Instances_highcost_H6/abs5n10,highcost,6,5,10,0.0062228330061770976,0.006217358401045203,0.00614329194650054,3.522044981654114e-05,0.0008627080824226141,0.009832791984081268,12343.101804623007,5319.101804623007,7024.0,12423.101804623007,6.0,964.1910676446078
seed1_20261007_130952,1,mtppo_epoch450.pt,Instances_highcost_H6/abs5n15,highcost,6,5,15,0.008889354532584548,0.008896935411030427,0.008811499923467636,5.961314324417302e-05,0.0009197079343721271,0.009832791984081268,13732.664512858466,5448.664512858466,8284.0,12545.664512858466,31.6,3554.8137813795142
seed1_20261007_130952,1,mtppo_epoch450.pt,Instances_highcost_H6/abs5n20,highcost,6,5,20,0.011529666488058865,0.011542629206087441,0.011400916031561792,8.083527404421615e-05,0.0008795419707894325,0.009832791984081268,20733.06274527341,9477.062745273412,11256.0,19896.06274527341,530.2,45985.71871520497
seed1_20261007_130952,1,mtppo_epoch450.pt,Instances_highcost_H6/abs5n25,highcost,6,5,25,0.013876582961529493,0.013864585442934185,0.013679082971066236,6.214525625854453e-05,0.0009309579618275166,0.009832791984081268,23955.54601500213,12742.546015002132,11213.0,23203.54601500213,1018.2,73375.41257979644
seed1_20261007_130952,1,mtppo_epoch450.pt,Instances_highcost_H6/abs5n30,highcost,6,5,30,0.017016396042890847,0.016940533358138055,0.01651766593568027,0.00027098107907212444,0.0009583330247551203,0.009832791984081268,24450.689304874242,12793.68930487424,11657.0,23419.689304874242,4099.8,240932.33312542847
seed1_20261007_130952,1,mtppo_epoch450.pt,Instances_highcost_H6/abs5n5,highcost,6,5,5,0.0035141874686814845,0.003528181405272335,0.003465334069915116,5.666872595095434e-05,0.0009593330323696136,0.009832791984081268,6165.557884274323,2303.5578842743234,3862.0,6041.557884274323,0.0,
seed1_20261007_130952,1,mtppo_epoch450.pt,Instances_lowcost_H3/abs5n10,lowcost,3,5,10,0.00239100051112473,0.002400091692106798,0.0023697910364717245,2.4670713077671213e-05,0.0009608339751139283,0.009832791984081268,2951.5068693563344,307.50686935633416,2644.0,2971.5068693563344,0.0,
seed1_20261007_130952,1,mtppo_epoch450.pt,Instances_lowcost_H3/abs5n15,lowcost,3,5,15,0.0034312920179218054,0.0034259604406543078,0.0033670420525595546,3.6816564351962224e-05,0.0008209999650716782,0.009832791984081268,3302.459480096251,300.4594800962508,3002.0,2990.459480096251,1.0,291.43541114453427
seed1_20261007_130952,1,mtppo_epoch450.pt,Instances_lowcost_H3/abs5n20,lowcost,3,5,20,0.004296771017834544,0.004299916798481717,0.00422762508969754,4.733258760860294e-05,0.0009594580624252558,0.009832791984081268,4688.715762879104,555.7157628791034,4133.0,4311.715762879104,7.4,1722.223495104796
seed1_20261007_130952,1,mtppo_epoch450.pt,Instances_lowcost_H3/abs5n25,lowcost,3,5,25,0.004862749483436346,0.0048601416521705685,0.004775207955390215,4.785156524959772e-05,0.0009279591031372547,0.009832791984081268,4672.695207858682,788.6952078586817,3884.0,4397.695207858682,27.8,5716.930328139102
seed1_20261007_130952,1,mtppo_epoch450.pt,Instances_lowcost_H3/abs5n30,lowcost,3,5,30,0.005896874994505197,0.005901116708992049,0.005802083062008023,6.369293941551467e-05,0.0009474999969825149,0.009832791984081268,4980.569450034499,762.5694500344991,4218.0,4725.569450034499,79.6,13498.675158312251
seed1_20261007_130952,1,mtppo_epoch450.pt,Instances_lowcost_H3/abs5n35,lowcost,3,5,35,0.007220625004265457,0.0072101624624338004,0.007035874994471669,7.545810166855633e-05,0.0009208330884575844,0.009832791984081268,5876.335956621021,836.335956621021,5040.0,5640.335956621021,208.6,28889.465922516847
seed1_20261007_130952,1,mtppo_epoch450.pt,Instances_lowcost_H3/abs5n40,lowcost,3,5,40,0.008230334031395614,0.008244395843939855,0.008096040925011039,8.733580893445114e-05,0.000991750042885542,0.009832791984081268,6257.361719878316,1052.361719878316,5205.0,5757.361719878316,686.4,83398.80220919872
seed1_20261007_130952,1,mtppo_epoch450.pt,Instances_lowcost_H3/abs5n45,lowcost,3,5,45,0.009497020451817662,0.009488635440357029,0.009350792039185762,7.418745116780881e-05,0.000964541919529438,0.009832791984081268,6123.979253726304,1095.9792537263036,5028.0,5662.979253726304,1049.6,110518.87329558335
seed1_20261007_130952,1,mtppo_epoch450.pt,Instances_lowcost_H3/abs5n5,lowcost,3,5,5,0.001370083016809076,0.0013758646964561194,0.0013535829493775964,1.8519095872020253e-05,0.0009178339969366789,0.009832791984081268,1304.0291927599394,130.02919275993943,1174.0,1273.0291927599394,0.0,
seed1_20261007_130952,1,mtppo_epoch450.pt,Instances_lowcost_H3/abs5n50,lowcost,3,5,50,0.010600062494631857,0.010600037348922342,0.010401790961623192,8.331492130776919e-05,0.000834624981507659,0.009832791984081268,6988.263909577429,1274.2639095774293,5714.0,6714.263909577429,3572.4,337016.8809673674
seed1_20261007_130952,1,mtppo_epoch450.pt,Instances_lowcost_H6/abs5n10,lowcost,6,5,10,0.006216791516635567,0.0062228521099314095,0.006102457991801202,6.551560567965297e-05,0.0009733750484883785,0.009832791984081268,7556.809709355533,532.8097093555332,7024.0,7636.809709355533,5.0,804.273391929013
seed1_20261007_130952,1,mtppo_epoch450.pt,Instances_lowcost_H6/abs5n15,lowcost,6,5,15,0.00885389605537057,0.008860585448564962,0.008727458072826266,9.164947548257968e-05,0.0009399160044267774,0.009832791984081268,8831.081631196737,547.0816311967372,8284.0,7644.081631196737,29.2,3297.983149721749
seed1_20261007_130952,1,mtppo_epoch450.pt,Instances_lowcost_H6/abs5n20,lowcost,6,5,20,0.011526895454153419,0.011546283354982733,0.011381832999177277,8.005341413556438e-05,0.001006874954327941,0.009832791984081268,12204.170809610932,948.170809610933,11256.0,11367.170809610932,558.0,48408.524413131476
seed1_20261007_130952,1,mtppo_epoch450.pt,Instances_lowcost_H6/abs5n25,lowcost,6,5,25,0.01386679196730256,0.013822558260289951,0.013585624983534217,0.00011443625217737441,0.0009127079974859953,0.009832791984081268,12485.556587980538,1272.5565879805386,11213.0,11733.556587980538,1063.0,76657.9611568789
seed1_20261007_130952,1,mtppo_epoch450.pt,Instances_lowcost_H6/abs5n30,lowcost,6,5,30,0.01664216653443873,0.016614141553873196,0.016370082972571254,0.00011978472268252193,0.000964667066000402,0.009832791984081268,12937.613453174978,1280.6134531749785,11657.0,11906.613453174978,3216.0,193244.07031650114
seed1_20261007_130952,1,mtppo_epoch450.pt,Instances_lowcost_H6/abs5n5,lowcost,6,5,5,0.0034859994775615633,0.0034950687433592973,0.0034295000368729234,3.4542461335756207e-05,0.0009165420196950436,0.009832791984081268,4093.3948084065073,231.39480840650745,3862.0,3969.3948084065073,0.0,
seed2_20261007_130952,2,mtppo_epoch450.pt,Instances_highcost_H3/abs5n10,highcost,3,5,10,0.0023871249868534505,0.0023983000020962207,0.0023668749490752816,2.7152352284450987e-05,0.0008671659743413329,0.009589790948666632,5619.710601187386,3067.7106011873857,2552.0,5731.710601187386,0.0,
seed2_20261007_130952,2,mtppo_epoch450.pt,Instances_highcost_H3/abs5n15,highcost,3,5,15,0.003390791534911841,0.003412814508192241,0.0033589580561965704,5.2485935847809515e-05,0.0007450829725712538,0.009589790948666632,6132.684125497825,2991.6841254978253,3141.0,5681.684125497825,1.8,530.8495026801461
seed2_20261007_130952,2,mtppo_epoch450.pt,Instances_highcost_H3/abs5n20,highcost,3,5,20,0.004285499453544617,0.004278489557327703,0.004181166063062847,4.892356650823377e-05,0.0008027079747989774,0.009589790948666632,9377.893822443188,5558.893822443187,3819.0,9314.893822443188,7.6,1773.4222305672906
seed2_20261007_130952,2,mtppo_epoch450.pt,Instances_highcost_H3/abs5n25,highcost,3,5,25,0.004885041562374681,0.004902043828042224,0.004764750017784536,8.605754891648501e-05,0.0009000829886645079,0.009589790948666632,11733.80170910243,7896.801709102429,3837.0,11505.80170910243,24.4,4994.839795823323
seed2_20261007_130952,2,mtppo_epoch450.pt,Instances_highcost_H3/abs5n30,highcost,3,5,30,0.005870625493116677,0.005927706562215462,0.005804499960504472,0.0001321429576489331,0.0007647910388186574,0.009589790948666632,12041.732052395306,7619.732052395307,4422.0,11582.732052395306,101.6,17306.50339033315
seed2_20261007_130952,2,mtppo_epoch450.pt,Instances_highcost_H3/abs5n35,highcost,3,5,35,0.007240521023049951,0.007373635598924011,0.007081832969561219,0.00030895490558504723,0.0009411659557372332,0.009589790948666632,13395.3142590297,8374.3142590297,5021.0,13178.3142590297,237.0,32732.451055044054
seed2_20261007_130952,2,mtppo_epoch450.pt,Instances_highcost_H3/abs5n40,highcost,3,5,40,0.008353812503628433,0.008479064691346138,0.008106500026769936,0.00037204370540975596,0.0009522089967504144,0.009589790948666632,15691.129602068737,10554.129602068737,5137.0,15259.129602068737,561.6,67226.79013397441
seed2_20261007_130952,2,mtppo_epoch450.pt,Instances_highcost_H3/abs5n45,highcost,3,5,45,0.009719770983792841,0.009819181350758299,0.009365499950945377,0.0003563157427006322,0.0009656250476837158,0.009589790948666632,16348.966784465425,10997.966784465425,5351.0,15564.966784465425,1189.6,122389.71494118425
seed2_20261007_130952,2,mtppo_epoch450.pt,Instances_highcost_H3/abs5n5,highcost,3,5,5,0.001362437498755753,0.0013750500220339745,0.0013375000562518835,2.849898912129124e-05,0.0009252500021830201,0.009589790948666632,2434.4476874385773,1290.4476874385773,1144.0,2433.4476874385773,0.0,
seed2_20261007_130952,2,mtppo_epoch450.pt,Instances_highcost_H3/abs5n50,highcost,3,5,50,0.010635208513122052,0.010870466707274318,0.010402166051790118,0.0005136468205963312,0.0008544580778107047,0.009589790948666632,18474.420578240788,12732.42057824079,5742.0,18172.420578240788,2842.8,267300.82409691025
seed2_20261007_130952,2,mtppo_epoch450.pt,Instances_highcost_H6/abs5n10,highcost,6,5,10,0.005704229522962123,0.005701933451928198,0.0056149170268327,4.774429519026894e-05,0.0009336249204352498,0.009589790948666632,11867.982430034765,5395.982430034764,6472.0,12203.982430034765,6.0,1051.851082753116
seed2_20261007_130952,2,mtppo_epoch450.pt,Instances_highcost_H6/abs5n15,highcost,6,5,15,0.00822981249075383,0.008241845795419067,0.008099875063635409,0.00010073261583580409,0.0008877919754013419,0.009589790948666632,13551.811403205134,5521.811403205134,8030.0,12370.811403205134,31.6,3839.6986608750212
seed2_20261007_130952,2,mtppo_epoch450.pt,Instances_highcost_H6/abs5n20,highcost,6,5,20,0.010589354555122554,0.010584820830263197,0.01045166701078415,8.561096844220183e-05,0.0009101670002564788,0.009589790948666632,19783.463147135677,9536.463147135675,10247.0,19269.463147135677,530.2,50069.15173536409
seed2_20261007_130952,2,mtppo_epoch450.pt,Instances_highcost_H6/abs5n25,highcost,6,5,25,0.01227345853112638,0.01225797929801047,0.012061832938343287,0.00010029729915748918,0.0009770420147106051,0.009589790948666632,22928.35751761947,12795.35751761947,10133.0,22297.35751761947,1018.2,82959.50138404519
seed2_20261007_130952,2,mtppo_epoch450.pt,Instances_highcost_H6/abs5n30,highcost,6,5,30,0.014856416499242187,0.014929718646453694,0.01469062501564622,0.00017003833721214234,0.0009844159940257668,0.009589790948666632,24907.18131744895,12849.18131744895,12058.0,22996.18131744895,4099.8,275961.5685390301
seed2_20261007_130952,2,mtppo_epoch450.pt,Instances_highcost_H6/abs5n5,highcost,6,5,5,0.0030386460130102932,0.003039354144129902,0.0029544580029323697,3.4309544723902323e-05,0.0009270829614251852,0.009589790948666632,5616.834529731723,2350.8345297317233,3266.0,5501.834529731723,0.0,
seed2_20261007_130952,2,mtppo_epoch450.pt,Instances_lowcost_H3/abs5n10,lowcost,3,5,10,0.0023882915265858173,0.0023979375488124787,0.002374707954004407,2.412964957099441e-05,0.000857790932059288,0.009589790948666632,2860.2595350808465,308.2595350808464,2552.0,2972.2595350808465,0.0,
seed2_20261007_130952,2,mtppo_epoch450.pt,Instances_lowcost_H3/abs5n15,lowcost,3,5,15,0.0034109170082956553,0.0034146458026953043,0.003344208002090454,5.338523950333494e-05,0.000884292065165937,0.009589790948666632,3442.200183611326,301.2001836113259,3141.0,2991.200183611326,1.0,293.1762917619838
seed2_20261007_130952,2,mtppo_epoch450.pt,Instances_lowcost_H3/abs5n20,lowcost,3,5,20,0.004289916483685374,0.0042979124467819926,0.004245957941748202,4.0337618190447485e-05,0.0008166249608621001,0.009589790948666632,4375.160263309554,556.1602633095532,3819.0,4312.160263309554,7.4,1724.975306195896
seed2_20261007_130952,2,mtppo_epoch450.pt,Instances_lowcost_H3/abs5n25,lowcost,3,5,25,0.004838437482248992,0.00483343955129385,0.004746625083498657,5.5255924611375716e-05,0.0008977920515462756,0.009589790948666632,4625.991678648033,788.9916786480322,3837.0,4397.991678648033,27.8,5745.656547592316
seed2_20261007_130952,2,mtppo_epoch450.pt,Instances_lowcost_H3/abs5n30,lowcost,3,5,30,0.005868875014130026,0.005888637457974255,0.005754792015068233,0.00010100600722716754,0.0009196249302476645,0.009589790948666632,5185.315982420817,763.315982420817,4422.0,4726.315982420817,79.6,13563.076366144001
seed2_20261007_130952,2,mtppo_epoch450.pt,Instances_lowcost_H3/abs5n35,lowcost,3,5,35,0.0072713124682195485,0.007426460389979184,0.007020125049166381,0.0003342977383893599,0.0008427919819951057,0.009589790948666632,5857.445886545591,836.4458865455911,5021.0,5640.445886545591,208.6,28688.080853590072
seed2_20261007_130952,2,mtppo_epoch450.pt,Instances_lowcost_H3/abs5n40,lowcost,3,5,40,0.008302249945700169,0.008446114737307654,0.00815591705031693,0.0003498472832856424,0.0009348749881610274,0.009589790948666632,6189.662897288539,1052.6628972885387,5137.0,5757.662897288539,686.4,82676.38344898235
seed2_20261007_130952,2,mtppo_epoch450.pt,Instances_lowcost_H3/abs5n45,lowcost,3,5,45,0.009689708007499576,0.00988643330638297,0.009485917049460113,0.00038134708795562144,0.0009745840216055512,0.009589790948666632,6446.911970522962,1095.9119705229625,5351.0,5662.911970522962,1049.6,108321.11753910825
seed2_20261007_130952,2,mtppo_epoch450.pt,Instances_lowcost_H3/abs5n5,lowcost,3,5,5,0.0013633954804390669,0.001376610348233953,0.001345040975138545,3.200475561955824e-05,0.0009604170918464661,0.009589790948666632,1273.9563729993254,129.9563729993254,1144.0,1272.9563729993254,0.0,
seed2_20261007_130952,2,mtppo_epoch450.pt,Instances_lowcost_H3/abs5n50,lowcost,3,5,50,0.01082143746316433,0.010931758343940601,0.010507875005714595,0.0004041390305627016,0.0010118329664692283,0.009589790948666632,7016.653483621367,1274.6534836213664,5742.0,6714.653483621367,3572.4,330122.5010226491
seed2_20261007_130952,2,mtppo_epoch450.pt,Instances_lowcost_H6/abs5n10,lowcost,6,5,10,0.005695854022633284,0.0056875436974223705,0.005583082907833159,6.497840536583316e-05,0.0009655830217525363,0.009589790948666632,7013.050127112325,541.0501271123253,6472.0,7349.050127112325,5.0,877.8314858723188
seed2_20261007_130952,2,mtppo_epoch450.pt,Instances_lowcost_H6/abs5n15,lowcost,6,5,15,0.008293729508295655,0.008262425003340467,0.00809641694650054,8.897902376592972e-05,0.0009338749805465341,0.009589790948666632,8585.60362123195,555.6036212319508,8030.0,7404.6036212319505,29.2,3520.7321351381447
seed2_20261007_130952,2,mtppo_epoch450.pt,Instances_lowcost_H6/abs5n20,lowcost,6,5,20,0.010609687538817525,0.010619110392872244,0.010470874956808984,7.985867035980657e-05,0.0009219999192282557,0.009589790948666632,11201.321446053907,954.3214460539074,10247.0,10687.321446053907,558.0,52593.4432996686
seed2_20261007_130952,2,mtppo_epoch450.pt,Instances_lowcost_H6/abs5n25,lowcost,6,5,25,0.012294687971007079,0.012277085450477898,0.01202962500974536,0.00012881392856134476,0.0009783749701455235,0.009589790948666632,11409.987562530525,1276.987562530525,10133.0,10778.987562530525,1063.0,86460.10394950493
seed2_20261007_130952,2,mtppo_epoch450.pt,Instances_lowcost_H6/abs5n30,lowcost,6,5,30,0.015006375033408403,0.015015710558509454,0.0147813749499619,0.00014985090695575235,0.0009619590127840638,0.009589790948666632,13344.660027505755,1286.6600275057554,12058.0,11433.660027505755,3216.0,214308.91823243664
seed2_20261007_130952,2,mtppo_epoch450.pt,Instances_lowcost_H6/abs5n5,lowcost,6,5,5,0.0030320005025714636,0.003036879247520119,0.003007833962328732,2.4888968460501474e-05,0.0009183340007439256,0.009589790948666632,3502.6252421029976,236.62524210299776,3266.0,3387.6252421029976,0.0,
